{
  "project_info": {
    "project_number": "257173628886",
    "firebase_url": "https://project-office-8c11e.firebaseio.com",
    "project_id": "project-office-8c11e",
    "storage_bucket": "project-office-8c11e.appspot.com"
  },
  "client": [
    {
      "client_info": {
        "mobilesdk_app_id": "1:257173628886:android:f319dd6786f0246a162677",
        "android_client_info": {
          "package_name": "com.example.firebaseapp"
        }
      },
      "oauth_client": [
        {
          "client_id": "257173628886-pk67vqe6ljpj6h93hqvs4vigeu9pdoii.apps.googleusercontent.com",
          "client_type": 1,
          "android_info": {
            "package_name": "com.example.firebaseapp",
            "certificate_hash": "aa0844d0da7809426d4710923cee73238cf4809d"
          }
        },
        {
          "client_id": "257173628886-5cuinaf80d5gi4i3o5gmdqbei0r0rlu7.apps.googleusercontent.com",
          "client_type": 3
        }
      ],
      "api_key": [
        {
          "current_key": "AIzaSyDlk6YZCoL0EwLAPT_9qqQsAyCcksXnzgM"
        }
      ],
      "services": {
        "appinvite_service": {
          "other_platform_oauth_client": [
            {
              "client_id": "257173628886-5cuinaf80d5gi4i3o5gmdqbei0r0rlu7.apps.googleusercontent.com",
              "client_type": 3
            }
          ]
        }
      }
    }
  ],
  "configuration_version": "1"
}